yuktamaske26@gmail.com,Yukta,Pramod,Maske,9028228502,Yuktamaske26@gmail.com,Yukta Maske p.jpg,Yukta Maske s.jpg,a
guravnupur@gmail.com,Nupur,Naresh,Gurav,9022508227,guravnupur@gmail.com,Nupur Gurav p.jpg,Nupur Gurav s.jpg,a
dexterofficialllll@gmail.com,Aditya,Shashikant,Kamble,7798195165,dexterofficialllll@gmail.com,Dexter p.jpg,Dexter s.jpg,a
shreyagabhane11@gmail.com,Shreya,Sudhakar,Gabhane,7028844585,shreyagabhane11@gmail.com,Shreya Gabhane p.jpg,Shreya Gabhane s.jpg,a
shrutibangde070@gmail.com,Shruti,Arun,Bangade,8010253346,shrutibangde070@gmail.com,Shruti Bangde p.jpg,Shruti Bangde s.jpg,a
agrawalsanjana444@gmail.com,Sanjana,Hemant,Agrawal,7385313899,agrawalsanjana444@gmail.com,sanjana agrawal p.jpg,sanjana agrawal s.jpg,a
bandewarsrushti@gmail.com,Srushti,Kanchanrao,Bandewar,8308157050,bandewarsrushti@gmail.com,Devesh Bandewar p.jpg,Devesh Bandewar s.jpg,a
tanmayeedube18@gmail.com,Tanmayee,Ravi,Dube,9359370874,tanmayeedube18@gmail.com,tanmayee dube p.jpg,tanmayee dube s.jpg,a
khushiagrawal5527@gmail.com,Khushi,Subhash,Agrawal,8605949999,khushiagrawal5527@gmail.com,Khushi Agrawal p.jpg,Khushi Agrawal s.jpg,a